x_elbow	y_elbow	gain_vector
1	133837.578954877	0
2	105473.992682191	0.211925428524441
3	103333.56908804	0.0202933779192392
4	99383.3419323315	0.0382279175157768
