x_elbow	y_elbow	gain_vector
1	130827.494588102	0
2	104618.436006628	0.200332954964784
3	99795.3410346823	0.0461017690193748
4	95737.7678989083	0.040658943530879
5	93475.8583868336	0.0236260940871646
